<?xml version="1.0"?>
<trainee_details>
		<trainee employee_number="810599">
			<module_name>core java</module_name>
			<mpt_marks>54</mpt_marks>
			<mtt_marks>15</mtt_marks>
			<assign_marks>84</assign_marks>
			<total>70</total>
			<score>3</score>		
		</trainee>
		
		<trainee employee_number="800519">
			<module_name>core java</module_name>
			<mpt_marks>44</mpt_marks>
			<mtt_marks>15</mtt_marks>
			<assign_marks>85</assign_marks>
			<total>60</total>
			<score>2</score>		
		</trainee>
		
		<trainee employee_number="811191">
			<module_name>C#</module_name>
			<mpt_marks>34</mpt_marks>
			<mtt_marks>10</mtt_marks>
			<assign_marks>86</assign_marks>
			<total>49</total>
			<score>0</score>		
		</trainee>
		
		<trainee employee_number="811192">
			<module_name>core java</module_name>
			<mpt_marks>52</mpt_marks>
			<mtt_marks>21</mtt_marks>
			<assign_marks>86</assign_marks>
			<total>70</total>
			<score>3</score>		
		</trainee>
		
		<trainee employee_number="810599">
			<module_name>servlet-jsp</module_name>
			<mpt_marks>12</mpt_marks>
			<mtt_marks>24</mtt_marks>
			<assign_marks>85</assign_marks>
			<total>40</total>
			<score>0</score>		
		</trainee>
		
		<trainee employee_number="810599">
			<module_name>spring</module_name>
			<mpt_marks>44</mpt_marks>
			<mtt_marks>11</mtt_marks>
			<assign_marks>64</assign_marks>
			<total>0</total>
			<score>0</score>		
		</trainee>
</trainee_details>
